Abadi, Mario
Beaugé, Cristian
Bornancini, Carlos
Ceccarelli, L
Cécere, Mariana
Coenda, Valeria
Díaz-Giménez, E
Dominguez, Mariano
Donzelli, Carlos
Ferreiro, Diego
Lambas, Diego Garcia
Giuppone, Cristian
Gurovich, Sebastián
Lares, Marcelo
Luparello, Heliana
Merchán, Manuel
Muriel, Hernán
O’Mill, Ana Laura
Paz, Dante
Racker, Juan Diego
Figueroa, Cinthia Ragone
Schneiter, Matías
Sgró, Mario Agustín
Stasyszyn, Federico
Valotto, Carlos
Vega Neme, Luis
Villarreal D’Angelo, Carolina Susana
Yaryura, Y
Zandivarez, Ariel
